Date;Heure;NS;SFC;@ mac;Code err;Interface;Resultat
18/05/2023;0:00:15;22375419200;ME2313741959;;0;2;PASS
18/05/2023;0:00:43;22375419203;ME2313741964;;0;1;PASS
18/05/2023;0:01:19;22375419206;ME2313741934;;0;8;PASS
18/05/2023;0:01:47;22375419208;ME2313741970;;0;7;PASS
18/05/2023;0:02:15;22375419444;ME2313741922;;0;6;PASS
18/05/2023;0:02:46;22375419446;ME2313741966;;0;5;PASS
18/05/2023;0:03:19;7,23231E+11;ME2313741954;;-233;4;FAIL
18/05/2023;0:04:01;;;;-199;4;FAIL
18/05/2023;0:04:28;22375419680;ME2313741952;;0;3;PASS
18/05/2023;0:04:56;22375419682;ME2313741953;;0;2;PASS
18/05/2023;0:05:28;22375419685;ME2313741918;;0;1;PASS
18/05/2023;0:05:54;22375419688;ME2313741971;;0;8;PASS
18/05/2023;0:06:23;22375419442;ME2313741912;;0;7;PASS
18/05/2023;0:06:53;22375419607;ME2313741911;;0;6;PASS
18/05/2023;0:07:20;22375419608;ME2313741999;;0;5;PASS
18/05/2023;0:07:54;4,23231E+11;ME2313741997;;-233;4;FAIL
18/05/2023;0:08:24;22375419612;ME2313742000;;0;3;PASS
18/05/2023;0:08:53;22375419615;ME2313742004;;0;2;PASS
18/05/2023;0:09:25;22375419684;ME2313741994;;0;1;PASS
18/05/2023;0:10:01;22375419848;ME2313741938;;0;8;PASS
18/05/2023;0:10:29;22375419850;ME2313741996;;0;7;PASS
18/05/2023;0:11:06;22375419853;ME2313742001;;0;6;PASS
18/05/2023;0:11:34;22375419856;ME2313742005;;0;5;PASS
18/05/2023;0:12:02;22375419617;ME2313741997;;0;4;PASS
18/05/2023;0:12:43;;;;-199;4;FAIL
18/05/2023;0:13:21;22375419618;ME2313742008;;0;3;PASS
18/05/2023;0:13:57;22375419621;ME2313741845;;0;2;PASS
18/05/2023;0:14:33;22375419624;ME2313742009;;0;1;PASS
18/05/2023;0:15:07;22375419626;ME2313741998;;0;8;PASS
18/05/2023;0:15:38;22375419630;ME2313742010;;0;7;PASS
18/05/2023;0:16:06;22375419861;ME2313742011;;0;6;PASS
18/05/2023;0:16:35;22375419863;ME2313741950;;0;5;PASS
18/05/2023;0:17:07;22375419866;ME2313742033;;0;4;PASS
18/05/2023;0:17:33;22375419869;ME2313742031;;0;3;PASS
18/05/2023;0:18:03;22375419401;ME2313742021;;0;2;PASS
18/05/2023;0:18:36;22375419633;ME2313742032;;0;1;PASS
18/05/2023;0:19:07;22375419635;ME2313742027;;0;8;PASS
18/05/2023;0:19:34;22375419638;ME2313742017;;0;7;PASS
18/05/2023;0:20:01;22375419641;ME2313742040;;0;6;PASS
18/05/2023;0:20:32;22375419643;ME2313742043;;0;5;PASS
18/05/2023;0:21:04;4,23231E+11;ME2313742044;;-233;4;FAIL
18/05/2023;0:21:32;22375419872;ME2313742039;;0;3;PASS
18/05/2023;0:22:00;22375419874;ME2313741907;;0;2;PASS
18/05/2023;0:22:31;22375419877;ME2313742058;;0;1;PASS
18/05/2023;0:23:03;22375419883;ME2313742051;;0;8;PASS
18/05/2023;0:23:29;22375419884;ME2313742073;;0;7;PASS
18/05/2023;0:23:59;22375419379;ME2313742013;;0;6;PASS
18/05/2023;0:24:26;22375419402;ME2313741931;;0;5;PASS
18/05/2023;0:24:55;4,23231E+11;ME2313742036;;-233;4;FAIL
18/05/2023;0:25:25;22375419406;ME2313742066;;0;3;PASS
18/05/2023;0:26:03;22375419644;ME2313742060;;0;2;PASS
18/05/2023;0:26:32;22375419646;ME2313742062;;0;1;PASS
18/05/2023;0:27:06;22375419880;ME2313742054;;0;8;PASS
18/05/2023;0:27:47;22375419882;ME2313742083;;0;7;PASS
18/05/2023;0:28:16;22375419886;ME2313742071;;0;6;PASS
18/05/2023;0:29:11;22375419889;ME2313742063;;0;5;PASS
18/05/2023;0:29:43;4,23231E+11;ME2313742047;;-233;4;FAIL
18/05/2023;0:30:14;22375420121;ME2313742036;;0;3;PASS
18/05/2023;0:30:43;22375419371;ME2313742061;;0;2;PASS
18/05/2023;0:31:17;22375419375;ME2313742082;;0;1;PASS
18/05/2023;0:31:45;22375419381;ME2313742068;;0;8;PASS
18/05/2023;0:32:18;22375419383;ME2313741937;;0;7;PASS
18/05/2023;0:32:52;22375419389;ME2313742097;;0;6;PASS
18/05/2023;0:33:29;22375420115;ME2313742104;;0;5;PASS
18/05/2023;0:33:58;7,23231E+11;ME2313742107;;-233;4;FAIL
18/05/2023;0:34:26;22375420119;ME2313742110;;0;3;PASS
18/05/2023;0:34:55;22375420124;ME2313742108;;0;2;PASS
18/05/2023;0:35:27;4,23231E+11;ME2313742047;;-212;1;FAIL
18/05/2023;0:35:53;4,23231E+11;;;-107;1;FAIL
18/05/2023;0:36:20;22375420129;ME2313742100;;0;8;PASS
18/05/2023;0:36:48;22375420130;ME2313742112;;0;7;PASS
18/05/2023;0:37:21;22375419385;ME2313742116;;0;6;PASS
18/05/2023;0:37:49;22375419387;ME2313742115;;0;5;PASS
18/05/2023;0:38:17;22375419393;ME2313742102;;0;4;PASS
18/05/2023;0:38:46;22375419396;ME2313742127;;0;3;PASS
18/05/2023;0:39:18;22375419399;ME2313742136;;-502;2;FAIL
18/05/2023;0:39:48;22375420133;ME2313742131;;0;1;PASS
18/05/2023;0:40:16;22375420136;ME2313742049;;0;8;PASS
18/05/2023;0:40:45;22375420139;ME2313742132;;0;7;PASS
18/05/2023;0:41:18;22375420141;ME2313742129;;0;6;PASS
18/05/2023;0:41:59;;;;-199;6;FAIL
18/05/2023;0:42:28;22375420143;ME2313742121;;0;5;PASS
18/05/2023;0:42:56;22375420153;ME2313742122;;0;4;PASS
18/05/2023;0:48:43;22375419579;ME2313742166;;0;3;PASS
18/05/2023;0:49:11;22375419331;ME2313742146;;0;2;PASS
18/05/2023;0:49:40;22375419335;ME2313741977;;0;1;PASS
18/05/2023;0:50:08;22375419338;ME2313742150;;0;8;PASS
18/05/2023;0:50:38;22375419344;ME2313742149;;0;7;PASS
18/05/2023;0:51:06;22375419171;ME2313742153;;0;6;PASS
18/05/2023;0:51:35;22375419172;ME2313742163;;0;5;PASS
18/05/2023;0:52:03;4,23231E+11;ME2313741941;;-201;4;FAIL
18/05/2023;0:52:33;22375419179;ME2313742173;;0;3;PASS
18/05/2023;0:53:10;22375419586;ME2313741657;;0;2;PASS
18/05/2023;0:53:40;22375419588;ME2313742158;;0;1;PASS
18/05/2023;0:54:11;22375420157;ME2313742171;;0;8;PASS
18/05/2023;0:54:42;22375420159;ME2313742180;;0;7;PASS
18/05/2023;0:55:10;22375420162;ME2313741946;;0;6;PASS
18/05/2023;0:57:02;22375420165;ME2313742070;;0;5;PASS
18/05/2023;0:57:29;22375419177;ME2313741941;;-502;4;FAIL
18/05/2023;0:57:59;22375419178;ME2313742194;;0;3;PASS
18/05/2023;0:58:27;22375419182;ME2313742195;;-802;2;FAIL
18/05/2023;0:59:05;22375419186;ME2313742197;;0;1;PASS
18/05/2023;0:59:31;4,23231E+11;ME2313742196;;-214;8;FAIL
18/05/2023;1:00:01;22375419348;ME2313742211;;0;7;PASS
18/05/2023;1:00:30;22375419580;ME2313742217;;0;6;PASS
18/05/2023;1:01:01;22375419589;ME2313742224;;0;5;PASS
18/05/2023;1:01:31;22375420167;ME2313742160;;0;4;PASS
18/05/2023;1:01:59;22375419188;ME2313742201;;0;3;PASS
18/05/2023;1:02:30;22375419190;ME2313742199;;0;2;PASS
18/05/2023;1:03:05;22375419193;ME2313742204;;0;1;PASS
18/05/2023;1:03:34;22375419341;ME2313742156;;0;8;PASS
18/05/2023;1:04:04;22375419355;ME2313742206;;0;7;PASS
18/05/2023;1:04:31;22375419182;ME2313742195;;-802;6;FAIL
18/05/2023;1:05:06;22375419357;ME2313742139;;0;5;PASS
18/05/2023;1:05:33;22375419582;ME2313742220;;0;4;PASS
18/05/2023;1:06:01;22375419584;ME2313742178;;0;3;PASS
18/05/2023;1:06:30;4,23231E+11;ME2313742238;;-207;2;FAIL
18/05/2023;1:07:05;22375419597;ME2313742183;;0;1;PASS
18/05/2023;1:07:33;22375419195;ME2313742260;;0;8;PASS
18/05/2023;1:08:01;22375419196;ME2313742249;;0;7;PASS
18/05/2023;1:08:29;22375419182;ME2313742195;;-802;6;FAIL
18/05/2023;1:09:05;22375419199;ME2313742250;;0;5;PASS
18/05/2023;1:09:31;22375419351;ME2313742169;;0;4;PASS
18/05/2023;1:09:59;22375419353;ME2313742254;;0;3;PASS
18/05/2023;1:10:28;22375419367;ME2313742238;;0;2;PASS
18/05/2023;1:10:56;22375419591;ME2313742266;;0;1;PASS
18/05/2023;1:11:24;22375419593;ME2313742267;;0;8;PASS
18/05/2023;1:11:53;22375419595;ME2313742253;;0;7;PASS
18/05/2023;1:12:27;22375420100;ME2313742269;;0;6;PASS
18/05/2023;1:13:06;22375420103;ME2313742276;;-126;5;FAIL
18/05/2023;1:13:33;7,23231E+11;ME2313742175;;-233;4;FAIL
18/05/2023;1:14:33;22375420110;ME2313742275;;-126;3;FAIL
18/05/2023;1:23:56;22375419362;ME2313742274;;-126;2;FAIL
18/05/2023;1:27:46;22375419365;ME2313742203;;-126;1;FAIL
18/05/2023;1:28:15;22375420108;ME2313742278;;-126;8;FAIL
18/05/2023;1:31:10;22375420510;ME2313742281;;0;7;PASS
18/05/2023;1:31:38;22375420991;ME2313742232;;0;6;PASS
18/05/2023;1:32:11;22375420993;ME2313742245;;0;5;PASS
18/05/2023;1:32:38;22375420994;ME2313742175;;0;4;PASS
18/05/2023;1:33:16;22375420110;ME2313742275;;0;3;PASS
18/05/2023;1:33:44;22375419362;ME2313742274;;0;2;PASS
18/05/2023;1:34:14;22375419365;ME2313742203;;0;1;PASS
18/05/2023;1:34:52;22375420108;ME2313742278;;0;8;PASS
18/05/2023;1:35:20;22375420512;ME2313742319;;0;7;PASS
18/05/2023;1:35:49;7,23231E+11;ME2313742191;;-243;6;FAIL
18/05/2023;1:36:20;22375420517;ME2313742190;;0;5;PASS
18/05/2023;1:36:49;22375420754;ME2313742289;;0;4;PASS
18/05/2023;1:37:21;22375420757;ME2313742227;;0;3;PASS
18/05/2023;1:37:49;22375420759;ME2313742331;;0;2;PASS
18/05/2023;1:38:31;;;;-199;2;FAIL
18/05/2023;1:39:01;22375420911;ME2313742332;;0;1;PASS
18/05/2023;1:39:29;22375420914;ME2313742328;;0;8;PASS
18/05/2023;1:39:58;22375420995;ME2313742327;;0;7;PASS
18/05/2023;1:40:26;22375420996;ME2313742353;;0;6;PASS
18/05/2023;1:40:55;22375420520;ME2313742230;;0;5;PASS
18/05/2023;1:41:24;22375420525;ME2313742350;;0;4;PASS
18/05/2023;1:42:07;;;;-199;4;FAIL
18/05/2023;1:42:35;22375420761;ME2313742330;;0;3;PASS
18/05/2023;1:43:06;22375420763;ME2313742123;;0;2;PASS
18/05/2023;1:43:34;22375420767;ME2313742234;;0;1;PASS
18/05/2023;1:44:05;22375420916;ME2313742317;;0;8;PASS
18/05/2023;1:44:34;22375420923;ME2313742354;;0;7;PASS
18/05/2023;1:45:05;22375420928;ME2313742360;;0;6;PASS
18/05/2023;1:45:31;22375420929;ME2313742223;;0;5;PASS
18/05/2023;1:46:07;22375420701;ME2313742235;;0;4;PASS
18/05/2023;1:46:36;22375420704;ME2313742044;;0;3;PASS
18/05/2023;1:47:05;22375420926;ME2313742362;;0;2;PASS
18/05/2023;1:47:34;22375420931;ME2313742361;;0;1;PASS
18/05/2023;1:48:02;22375420934;ME2313742137;;0;8;PASS
18/05/2023;1:48:31;22375420936;ME2313742109;;0;7;PASS
18/05/2023;1:48:59;22375420938;ME2313742355;;0;6;PASS
18/05/2023;1:49:30;22375420941;ME2313742369;;0;5;PASS
18/05/2023;1:50:05;4,23231E+11;ME2313742368;;-233;4;FAIL
18/05/2023;1:50:35;22375420944;ME2313742367;;0;3;PASS
18/05/2023;1:51:03;22375420946;ME2313742372;;0;2;PASS
18/05/2023;1:51:33;22375420522;ME2313742373;;0;1;PASS
18/05/2023;1:52:04;22375420526;ME2313742491;;0;8;PASS
18/05/2023;1:52:32;22375420528;ME2313742323;;0;7;PASS
18/05/2023;1:53:00;22375420529;ME2313742488;;0;6;PASS
18/05/2023;1:53:41;;;;-199;6;FAIL
18/05/2023;1:54:10;22375420707;ME2313742496;;0;5;PASS
18/05/2023;1:54:39;4,23231E+11;ME2313742495;;-233;4;FAIL
18/05/2023;1:55:09;22375420764;ME2313742510;;0;3;PASS
18/05/2023;1:55:37;22375420765;ME2313742507;;0;2;PASS
18/05/2023;1:56:06;22375420781;ME2313742509;;0;1;PASS
18/05/2023;1:56:34;22375420902;ME2313742503;;0;8;PASS
18/05/2023;1:57:03;22375420904;ME2313742521;;0;7;PASS
18/05/2023;1:57:44;;;;-199;7;FAIL
18/05/2023;1:58:14;22375420906;ME2313742520;;0;6;PASS
18/05/2023;1:58:41;22375420909;ME2313742524;;0;5;PASS
18/05/2023;1:59:12;4,23231E+11;ME2313742495;;-233;4;FAIL
18/05/2023;1:59:48;22375420300;ME2313742539;;0;3;PASS
18/05/2023;2:00:19;22375420534;ME2313742538;;0;2;PASS
18/05/2023;2:00:47;22375420537;ME2313742499;;0;1;PASS
18/05/2023;2:01:16;22375420540;ME2313742525;;0;8;PASS
18/05/2023;2:01:45;22375420543;ME2313742433;;0;7;PASS
18/05/2023;2:02:14;4,23231E+11;ME2313840016;;-243;6;FAIL
18/05/2023;2:02:44;22375420772;ME2313742494;;0;5;PASS
18/05/2023;2:03:13;4,23231E+11;ME2313742495;;-233;4;FAIL
18/05/2023;2:03:33;4,23231E+11;;;-107;4;FAIL
18/05/2023;2:04:01;22375420776;ME2313840030;;0;3;PASS
18/05/2023;2:04:29;22375420778;ME2313840032;;0;2;PASS
18/05/2023;2:05:00;22375420785;ME2313840027;;0;1;PASS
18/05/2023;2:05:28;22375420792;ME2313840028;;0;8;PASS
18/05/2023;2:05:59;22375420304;ME2313840005;;0;7;PASS
18/05/2023;2:06:26;22375420306;ME2313840031;;0;6;PASS
18/05/2023;2:06:55;22375420309;ME2313840053;;0;5;PASS
18/05/2023;2:07:26;4,70222E+11;ME2313840050;;-233;4;FAIL
18/05/2023;2:07:56;22375420544;ME2313840049;;0;3;PASS
18/05/2023;2:08:24;22375420546;ME2313840052;;0;2;PASS
18/05/2023;2:08:55;22375420548;ME2313840055;;0;1;PASS
18/05/2023;2:09:28;22375420549;ME2313840016;;0;8;PASS
18/05/2023;2:09:58;22375420712;ME2313840047;;0;7;PASS
18/05/2023;2:10:32;22375420783;ME2313742397;;0;6;PASS
18/05/2023;2:11:01;22375420787;ME2313742513;;0;5;PASS
18/05/2023;2:11:36;4,70222E+11;ME2313840050;;-233;4;FAIL
18/05/2023;2:12:17;;;;-199;4;FAIL
18/05/2023;2:12:45;22375420789;ME2313742368;;0;3;PASS
18/05/2023;2:13:13;22375420953;ME2313741925;;0;2;PASS
18/05/2023;2:13:41;22375420715;ME2313840073;;0;1;PASS
18/05/2023;2:14:10;22375420951;ME2313840075;;0;8;PASS
18/05/2023;2:14:38;22375420957;ME2313840079;;0;7;PASS
18/05/2023;2:15:06;22375420480;ME2313840096;;0;6;PASS
18/05/2023;2:15:35;22375420714;ME2313741916;;0;5;PASS
18/05/2023;2:16:04;4,23231E+11;ME2313840097;;-233;4;FAIL
18/05/2023;2:16:37;22375420718;ME2313840085;;0;3;PASS
18/05/2023;2:17:07;22375420720;ME2313840084;;0;2;PASS
18/05/2023;2:17:41;22375420722;ME2313840074;;0;1;PASS
18/05/2023;2:18:10;22375420724;ME2313840088;;0;8;PASS
18/05/2023;2:18:38;22375420727;ME2313840089;;0;7;PASS
18/05/2023;2:19:10;22375420955;ME2313840095;;0;6;PASS
18/05/2023;2:19:38;22375420958;ME2313840103;;0;5;PASS
18/05/2023;2:20:07;4,23231E+11;ME2313840097;;-233;4;FAIL
18/05/2023;2:20:37;22375420959;ME2313840102;;0;3;PASS
18/05/2023;2:21:05;22375420962;ME2313840104;;0;2;PASS
18/05/2023;2:21:33;22375420964;ME2313840106;;0;1;PASS
18/05/2023;2:22:02;22375420965;ME2313840107;;0;8;PASS
18/05/2023;2:22:31;22375420967;ME2313840109;;0;7;PASS
18/05/2023;2:23:00;22375420969;ME2313840111;;0;6;PASS
18/05/2023;2:23:32;22375420234;ME2313840114;;0;5;PASS
18/05/2023;2:24:04;4,23231E+11;ME2313840113;;-233;4;FAIL
18/05/2023;2:24:34;22375420237;ME2313840115;;0;3;PASS
18/05/2023;2:25:02;22375420240;ME2313840117;;0;2;PASS
18/05/2023;2:25:31;22375420252;ME2313840116;;0;1;PASS
18/05/2023;2:25:59;22375420475;ME2313840112;;0;8;PASS
18/05/2023;2:26:29;22375420477;ME2313840108;;0;7;PASS
18/05/2023;2:26:57;22375420481;ME2313840141;;0;6;PASS
18/05/2023;2:27:30;22375420484;ME2313840133;;-502;5;FAIL
18/05/2023;2:27:58;22375420491;ME2313840082;;0;4;PASS
18/05/2023;2:28:27;22375420243;ME2313840113;;0;3;PASS
18/05/2023;2:28:57;7,23231E+11;ME2313840142;;-307;2;FAIL
18/05/2023;2:29:38;22375420247;ME2313840146;;0;1;PASS
18/05/2023;2:30:07;22375420249;ME2313840144;;0;8;PASS
18/05/2023;2:30:36;22375420250;ME2313840159;;0;7;PASS
18/05/2023;2:31:05;22375420260;ME2313840097;;0;6;PASS
18/05/2023;2:31:34;22375420487;ME2313840165;;0;5;PASS
18/05/2023;2:32:03;22375420492;ME2313840078;;0;4;PASS
18/05/2023;2:32:31;22375420495;ME2313840062;;0;3;PASS
18/05/2023;2:33:01;22375420725;ME2313840153;;0;2;PASS
18/05/2023;2:33:28;22375420730;ME2313840140;;0;1;PASS
18/05/2023;2:33:57;22375421100;ME2313840142;;0;8;PASS
18/05/2023;2:34:30;22375420733;ME2313840196;;0;7;PASS
18/05/2023;2:35:05;22375420735;ME2313840195;;0;6;PASS
18/05/2023;2:35:34;22375420737;ME2313840201;;0;5;PASS
18/05/2023;2:36:06;7,23231E+11;ME2313840157;;-233;4;FAIL
18/05/2023;2:36:36;22375420741;ME2313840199;;0;3;PASS
18/05/2023;2:37:08;22375420970;ME2313840160;;0;2;PASS
18/05/2023;2:37:36;22375420975;ME2313840086;;0;1;PASS
18/05/2023;2:38:05;22375420977;ME2313840193;;0;8;PASS
18/05/2023;2:38:33;7,23231E+11;ME2313840162;;-308;7;FAIL
18/05/2023;2:39:12;;;;-199;7;FAIL
18/05/2023;2:39:54;;;;-199;7;FAIL
18/05/2023;2:40:24;22375420981;ME2313840205;;0;6;PASS
18/05/2023;2:40:53;22375420983;ME2313840212;;0;5;PASS
18/05/2023;2:41:22;7,23231E+11;ME2313840157;;-233;4;FAIL
18/05/2023;2:41:59;22375420262;ME2313840227;;0;3;PASS
18/05/2023;2:42:28;22375420504;ME2313840148;;0;2;PASS
18/05/2023;2:42:56;22375420506;ME2313840087;;0;1;PASS
18/05/2023;2:43:26;22375420507;ME2313840152;;0;8;PASS
18/05/2023;2:43:54;4,23231E+11;ME2313840237;;-243;7;FAIL
18/05/2023;2:44:24;7,23231E+11;ME2313840162;;-201;6;FAIL
18/05/2023;2:45:05;;;;-199;6;FAIL
18/05/2023;2:45:35;22375420745;ME2313840151;;0;5;PASS
18/05/2023;2:46:03;22375420747;ME2313840232;;0;4;PASS
18/05/2023;2:46:32;22375420984;ME2313840239;;0;3;PASS
18/05/2023;2:47:11;22375420986;ME2313840157;;0;2;PASS
18/05/2023;2:47:37;22375421111;ME2313840177;;0;1;PASS
18/05/2023;2:48:05;22375420255;ME2313840242;;0;8;PASS
18/05/2023;2:48:34;22375420257;ME2313840237;;0;7;PASS
18/05/2023;2:49:06;22375420270;ME2313840245;;0;6;PASS
18/05/2023;2:49:32;22375420272;ME2313840248;;0;5;PASS
18/05/2023;2:50:01;7,23231E+11;ME2313840247;;-233;4;FAIL
18/05/2023;2:50:31;22375420496;ME2313840250;;0;3;PASS
18/05/2023;2:51:06;22375420499;ME2313840274;;0;2;PASS
18/05/2023;2:51:31;22375421101;ME2313840271;;0;1;PASS
18/05/2023;2:51:59;22375421104;ME2313840182;;0;8;PASS
18/05/2023;2:52:28;22375421107;ME2313840176;;0;7;PASS
18/05/2023;2:52:58;22375421109;ME2313840162;;-699;6;FAIL
18/05/2023;2:53:38;;;;-199;6;FAIL
18/05/2023;2:54:06;22375421121;ME2313840282;;0;5;PASS
18/05/2023;2:54:34;4,23231E+11;ME2313840234;;-233;4;FAIL
18/05/2023;2:55:06;22375420268;ME2313840287;;0;3;PASS
18/05/2023;2:55:33;22375420430;ME2313840137;;0;2;PASS
18/05/2023;2:56:05;22375420440;ME2313840286;;0;1;PASS
18/05/2023;2:56:34;22375420673;ME2313840233;;0;8;PASS
18/05/2023;2:57:06;22375420675;ME2313840283;;0;7;PASS
18/05/2023;2:57:39;22375420682;ME2313840235;;0;6;PASS
18/05/2023;2:58:08;22375421112;ME2313840110;;0;5;PASS
18/05/2023;2:58:38;22375421115;ME2313840291;;0;4;PASS
18/05/2023;2:59:07;22375421117;ME2313840293;;0;3;PASS
18/05/2023;2:59:37;22375420201;ME2313840316;;0;2;PASS
18/05/2023;3:00:13;22375420434;ME2313840314;;0;1;PASS
18/05/2023;3:00:45;22375420435;ME2313840179;;0;8;PASS
18/05/2023;3:01:16;22375420438;ME2313840317;;0;7;PASS
18/05/2023;3:01:47;22375420441;ME2313840315;;0;6;PASS
18/05/2023;3:02:14;22375420450;ME2313840320;;0;5;PASS
18/05/2023;3:02:43;22375420677;ME2313840321;;0;4;PASS
18/05/2023;3:03:14;22375420679;ME2313840323;;0;3;PASS
18/05/2023;3:03:43;22375420686;ME2313840324;;0;2;PASS
18/05/2023;3:04:12;22375420691;ME2313840344;;0;1;PASS
18/05/2023;3:05:57;22375420200;ME2313840325;;0;8;PASS
18/05/2023;3:06:25;22375420204;ME2313840329;;0;7;PASS
18/05/2023;3:06:55;22375420206;ME2313840331;;0;6;PASS
18/05/2023;3:07:23;22375420209;ME2313840334;;0;5;PASS
18/05/2023;3:07:52;22375420442;ME2313840354;;0;4;PASS
18/05/2023;3:08:21;7,23231E+11;ME2313840355;;-210;3;FAIL
18/05/2023;3:08:51;22375420447;ME2313840336;;0;2;PASS
18/05/2023;3:09:20;22375420684;ME2313840284;;0;1;PASS
18/05/2023;3:11:04;22375420688;ME2313840330;;0;8;PASS
18/05/2023;3:11:33;22375421133;ME2313840181;;0;7;PASS
18/05/2023;3:12:02;22375421168;ME2313840363;;0;6;PASS
18/05/2023;3:12:31;22375420278;ME2313840360;;0;5;PASS
18/05/2023;3:13:00;4,23231E+11;ME2313840319;;-233;4;FAIL
18/05/2023;3:13:42;;;;-199;4;FAIL
18/05/2023;3:14:15;7,23231E+11;ME2313840355;;-210;3;FAIL
18/05/2023;3:14:44;22375420294;ME2313840147;;0;2;PASS
18/05/2023;3:15:18;22375420296;ME2313840180;;0;1;PASS
18/05/2023;3:15:49;22375421124;ME2313840083;;-502;8;FAIL
18/05/2023;3:16:18;22375421127;ME2313840375;;0;7;PASS
18/05/2023;3:16:47;22375421130;ME2313840376;;0;6;PASS
18/05/2023;3:17:18;7,23231E+11;ME2313840373;;-243;5;FAIL
18/05/2023;3:17:48;4,23231E+11;ME2313840319;;-233;4;FAIL
18/05/2023;3:18:18;22375421144;ME2313840402;;0;3;PASS
18/05/2023;3:18:47;22375420211;ME2313840405;;0;2;PASS
18/05/2023;3:19:15;22375420212;ME2313840399;;0;1;PASS
18/05/2023;3:19:46;22375421124;ME2313840083;;0;8;PASS
18/05/2023;3:20:13;7,23231E+11;;;-107;8;FAIL
18/05/2023;3:20:46;22375420288;ME2313840403;;0;7;PASS
18/05/2023;3:21:18;22375420455;ME2313840410;;0;6;PASS
18/05/2023;3:21:47;22375420461;ME2313840322;;0;5;PASS
18/05/2023;3:22:15;22375420696;ME2313840404;;0;4;PASS
18/05/2023;3:22:45;22375421136;ME2313840417;;0;3;PASS
18/05/2023;3:23:22;22375421138;ME2313840414;;0;2;PASS
18/05/2023;3:23:46;22375420720;;;-156;2;FAIL
18/05/2023;3:24:19;4,23231E+11;ME2313840415;;-208;1;FAIL
18/05/2023;3:24:49;22375421154;ME2313840420;;0;8;PASS
18/05/2023;3:25:20;22375420215;ME2313840319;;0;7;PASS
18/05/2023;3:25:52;22375420218;ME2313840440;;0;6;PASS
18/05/2023;3:26:21;22375420223;ME2313840372;;0;5;PASS
18/05/2023;3:26:50;22375420231;ME2313840449;;0;4;PASS
18/05/2023;3:27:23;22375420484;ME2313840133;;0;3;PASS
18/05/2023;3:27:52;22375420459;ME2313840447;;0;2;PASS
18/05/2023;3:28:21;22375420465;ME2313840454;;0;1;PASS
18/05/2023;3:28:54;4,23231E+11;ME2313840415;;-208;8;FAIL
18/05/2023;3:29:24;22375420472;ME2313840475;;0;7;PASS
18/05/2023;3:29:54;22375420695;ME2313840398;;0;6;PASS
18/05/2023;3:30:25;22375420699;ME2313840378;;0;5;PASS
18/05/2023;3:30:53;4,23231E+11;ME2313840452;;-233;4;FAIL
18/05/2023;3:31:23;22375420227;ME2313840458;;0;3;PASS
18/05/2023;3:31:53;22375420463;ME2313840467;;0;2;PASS
18/05/2023;3:32:20;22375420467;ME2313840457;;0;1;PASS
18/05/2023;3:33:04;22375420469;ME2313840374;;0;8;PASS
18/05/2023;3:33:31;22375420631;ME2313840466;;0;7;PASS
18/05/2023;3:34:16;22375420634;ME2313840401;;0;6;PASS
18/05/2023;3:34:51;22375420871;ME2313840463;;0;5;PASS
18/05/2023;3:36:25;4,23231E+11;ME2313840452;;-233;4;FAIL
18/05/2023;3:37:13;;;;-199;4;FAIL
18/05/2023;3:37:46;22375420874;ME2313840464;;0;3;PASS
18/05/2023;3:38:18;22375420400;ME2313840481;;0;2;PASS
18/05/2023;3:38:48;22375420403;ME2313840472;;0;1;PASS
18/05/2023;3:39:17;22375420638;ME2313840415;;0;8;PASS
18/05/2023;3:39:47;22375420645;ME2313840448;;0;7;PASS
18/05/2023;3:40:17;22375420809;ME2313840050;;0;6;PASS
18/05/2023;3:41:02;;;;-199;6;FAIL
18/05/2023;3:41:32;22375420879;ME2313840501;;0;5;PASS
18/05/2023;3:42:01;4,23231E+11;ME2313840530;;-233;4;FAIL
18/05/2023;3:42:30;22375420883;ME2313840537;;0;3;PASS
18/05/2023;3:43:01;22375420890;ME2313840527;;0;2;PASS
18/05/2023;3:43:28;22375420801;ME2313840528;;0;1;PASS
18/05/2023;3:43:58;22375420804;ME2313840529;;0;8;PASS
18/05/2023;3:44:27;22375420805;ME2313840499;;0;7;PASS
18/05/2023;3:44:55;22375420808;ME2313840500;;0;6;PASS
18/05/2023;3:45:24;22375420811;ME2313840538;;0;5;PASS
18/05/2023;3:45:52;22375420814;ME2313840530;;0;4;PASS
18/05/2023;3:46:22;22375420816;ME2313840556;;0;3;PASS
18/05/2023;3:46:50;22375420818;ME2313840546;;0;2;PASS
18/05/2023;3:47:28;22375420821;ME2313840564;;0;1;PASS
18/05/2023;3:47:57;22375420823;ME2313840566;;0;8;PASS
18/05/2023;3:48:28;22375420825;ME2313840565;;0;7;PASS
18/05/2023;3:49:03;22375420885;ME2313840571;;0;6;PASS
18/05/2023;3:49:28;22375420299;ME2313840572;;0;5;PASS
18/05/2023;3:49:59;22375420828;ME2313840576;;0;4;PASS
18/05/2023;3:50:28;22375421092;ME2313840547;;0;3;PASS
18/05/2023;3:51:01;22375421093;ME2313840580;;0;2;PASS
18/05/2023;3:51:34;22375421096;ME2313840595;;0;1;PASS
18/05/2023;3:52:03;22375421098;ME2313840579;;0;8;PASS
18/05/2023;3:52:42;22375421145;ME2313840575;;0;7;PASS
18/05/2023;3:53:18;22375421147;ME2313840592;;0;6;PASS
18/05/2023;3:53:46;22375421152;ME2313840371;;0;5;PASS
18/05/2023;3:54:17;7,23231E+11;ME2313840582;;-233;4;FAIL
18/05/2023;3:54:51;22375420401;ME2313840583;;0;3;PASS
18/05/2023;3:55:19;22375420406;ME2313840520;;0;2;PASS
18/05/2023;3:55:50;22375420409;ME2313840524;;0;1;PASS
18/05/2023;3:56:18;22375420410;ME2313840452;;0;8;PASS
18/05/2023;3:56:48;22375420647;ME2313840604;;0;7;PASS
18/05/2023;3:57:17;22375420649;ME2313840626;;0;6;PASS
18/05/2023;3:57:45;22375420886;ME2313840606;;0;5;PASS
18/05/2023;3:58:14;7,23231E+11;ME2313840582;;-233;4;FAIL
18/05/2023;3:58:46;22375421157;ME2313840553;;0;3;PASS
18/05/2023;3:59:16;22375421160;ME2313840609;;0;2;PASS
18/05/2023;3:59:55;;;;-199;2;FAIL
18/05/2023;4:00:24;22375421162;ME2313840552;;0;1;PASS
18/05/2023;4:00:52;22375421164;ME2313840619;;0;8;PASS
18/05/2023;4:01:21;22375420412;ME2313840605;;0;7;PASS
18/05/2023;4:01:49;22375420414;ME2313840615;;0;6;PASS
18/05/2023;4:02:21;22375420417;ME2313840630;;0;5;PASS
18/05/2023;4:02:56;4,23231E+11;ME2313840634;;-233;4;FAIL
18/05/2023;4:03:40;;;;-199;4;FAIL
18/05/2023;4:04:07;22375420651;ME2313840633;;0;3;PASS
18/05/2023;4:04:36;22375420654;ME2313840584;;0;2;PASS
18/05/2023;4:05:09;22375420656;ME2313840637;;0;1;PASS
18/05/2023;4:05:39;22375420659;ME2313840649;;0;8;PASS
18/05/2023;4:06:06;22375420896;ME2313840650;;0;7;PASS
18/05/2023;4:06:35;4,23231E+11;ME2313840639;;-407;6;FAIL
18/05/2023;4:07:06;22375420420;ME2313840661;;0;5;PASS
18/05/2023;4:07:34;22375420422;ME2313840652;;0;4;PASS
18/05/2023;4:08:03;22375420425;ME2313840635;;0;3;PASS
18/05/2023;4:08:31;22375420427;ME2313840658;;0;2;PASS
18/05/2023;4:09:05;22375420661;ME2313840678;;0;1;PASS
18/05/2023;4:09:31;22375420663;ME2313840680;;0;8;PASS
18/05/2023;4:10:00;22375420665;ME2313840676;;0;7;PASS
18/05/2023;4:10:29;22375420668;ME2313840686;;0;6;PASS
18/05/2023;4:11:07;22375420830;ME2313840681;;0;5;PASS
18/05/2023;4:11:34;7,23231E+11;ME2313840689;;-233;4;FAIL
18/05/2023;4:12:16;;;;-199;4;FAIL
18/05/2023;4:12:57;;;;-199;4;FAIL
18/05/2023;4:13:29;22375420600;ME2313840642;;0;3;PASS
18/05/2023;4:13:56;22375420603;ME2313840691;;0;2;PASS
18/05/2023;4:14:29;22375420606;ME2313840696;;0;1;PASS
18/05/2023;4:14:57;22375420608;ME2313840685;;-502;8;FAIL
18/05/2023;4:15:29;22375420835;ME2313840699;;0;7;PASS
18/05/2023;4:15:57;22375420837;ME2313840695;;0;6;PASS
18/05/2023;4:16:28;22375420840;ME2313840639;;0;5;PASS
18/05/2023;4:17:07;22375420843;ME2313840672;;0;4;PASS
18/05/2023;4:17:34;22375420845;ME2313840700;;0;3;PASS
18/05/2023;4:18:02;22375420847;ME2313840689;;0;2;PASS
18/05/2023;4:18:30;22375420850;ME2313840653;;0;1;PASS
18/05/2023;4:19:05;22375420354;ME2313840634;;0;8;PASS
18/05/2023;4:19:32;22375420357;ME2313840719;;0;7;PASS
18/05/2023;4:20:00;22375420359;ME2313840708;;0;6;PASS
18/05/2023;4:20:30;22375420361;ME2313840725;;0;5;PASS
18/05/2023;4:21:04;7,23231E+11;ME2313840720;;-233;4;FAIL
18/05/2023;4:21:34;22375420370;ME2313840730;;0;3;PASS
18/05/2023;4:22:02;22375420372;ME2313840726;;0;2;PASS
18/05/2023;4:22:43;22375420374;ME2313840704;;0;1;PASS
18/05/2023;4:23:11;22375420597;ME2313840736;;0;8;PASS
18/05/2023;4:23:41;22375420599;ME2313840739;;0;7;PASS
18/05/2023;4:24:14;22375420613;ME2313840771;;0;6;PASS
18/05/2023;4:24:43;22375420855;ME2313840713;;0;5;PASS
18/05/2023;4:25:21;7,23231E+11;ME2313840720;;-233;4;FAIL
18/05/2023;4:25:56;22375420368;ME2313840768;;0;3;PASS
18/05/2023;4:26:27;22375420375;ME2313840769;;0;2;PASS
18/05/2023;4:27:03;22375420378;ME2313840740;;0;1;PASS
18/05/2023;4:27:29;22375420381;ME2313840707;;0;8;PASS
18/05/2023;4:28:01;22375420384;ME2313840727;;0;7;PASS
18/05/2023;4:28:32;22375420386;ME2313840777;;0;6;PASS
18/05/2023;4:29:07;22375420388;ME2313840776;;0;5;PASS
18/05/2023;4:29:33;22375420391;ME2313840770;;0;4;PASS
18/05/2023;4:30:02;22375420393;ME2313840795;;0;3;PASS
18/05/2023;4:30:30;22375420395;ME2313840720;;0;2;PASS
18/05/2023;4:31:06;22375421001;ME2313840797;;0;1;PASS
18/05/2023;4:31:32;22375420311;ME2313840801;;0;8;PASS
18/05/2023;4:32:02;22375420551;ME2313840784;;0;7;PASS
18/05/2023;4:32:35;22375420552;ME2313840799;;0;6;PASS
18/05/2023;4:33:23;22375420557;ME2313840790;;0;5;PASS
18/05/2023;4:33:52;7,23231E+11;ME2313840788;;-233;4;FAIL
18/05/2023;4:34:22;22375420611;ME2313840786;;0;3;PASS
18/05/2023;4:34:51;22375420615;ME2313840803;;0;2;PASS
18/05/2023;4:35:20;22375420795;ME2313840814;;0;1;PASS
18/05/2023;4:35:54;22375420796;ME2313840813;;0;8;PASS
18/05/2023;4:36:22;22375420856;ME2313840742;;0;7;PASS
18/05/2023;4:37:08;22375420618;ME2313840812;;0;6;PASS
18/05/2023;4:37:38;22375420620;ME2313840822;;-502;5;FAIL
18/05/2023;4:38:08;7,23231E+11;ME2313840785;;-233;4;FAIL
18/05/2023;4:38:37;22375420622;ME2313840765;;0;3;PASS
18/05/2023;4:39:06;22375420625;ME2313840753;;0;2;PASS
18/05/2023;4:39:35;7,23231E+11;ME2313840789;;-215;1;FAIL
18/05/2023;4:40:05;22375420629;ME2313840788;;0;8;PASS
18/05/2023;4:40:46;22375420608;ME2313840685;;0;7;PASS
18/05/2023;4:41:19;22375420860;ME2313840745;;0;6;PASS
18/05/2023;4:41:48;22375420862;ME2313840356;;0;5;PASS
18/05/2023;4:42:23;7,23231E+11;ME2313840785;;-233;4;FAIL
18/05/2023;4:42:53;22375420865;ME2313840855;;0;3;PASS
18/05/2023;4:43:21;7,23231E+11;ME2313840857;;-211;2;FAIL
18/05/2023;4:43:52;22375420867;ME2313840789;;0;1;PASS
18/05/2023;4:44:22;22375420620;ME2313840822;;0;8;PASS
18/05/2023;4:45:05;22375421050;ME2313840854;;0;7;PASS
18/05/2023;4:45:39;22375421052;ME2313840766;;0;6;PASS
18/05/2023;4:46:08;22375421053;ME2313840860;;0;5;PASS
18/05/2023;4:46:35;7,23231E+11;ME2313840785;;-233;4;FAIL
18/05/2023;4:46:55;7,23231E+11;;;-107;4;FAIL
18/05/2023;4:47:26;22375420199;ME2313840858;;0;3;PASS
18/05/2023;4:47:58;7,23231E+11;ME2313840857;;-207;2;FAIL
18/05/2023;4:48:28;22375420316;ME2313840864;;0;1;PASS
18/05/2023;4:49:10;22375420318;ME2313840863;;0;8;PASS
18/05/2023;4:49:50;;;;-199;8;FAIL
18/05/2023;4:50:23;22375420555;ME2313840862;;0;7;PASS
18/05/2023;4:50:51;22375420558;ME2313840859;;0;6;PASS
18/05/2023;4:51:19;22375420559;ME2313840865;;0;5;PASS
18/05/2023;4:51:55;22375420797;ME2313840869;;0;4;PASS
18/05/2023;4:52:25;22375421047;ME2313840867;;0;3;PASS
18/05/2023;4:52:56;22375421049;ME2313840857;;0;2;PASS
18/05/2023;4:53:24;22375421057;ME2313840870;;0;1;PASS
18/05/2023;4:53:52;22375421059;ME2313840872;;0;8;PASS
18/05/2023;4:54:21;22375421061;ME2313840853;;0;7;PASS
18/05/2023;4:54:50;22375421062;ME2313840875;;0;6;PASS
18/05/2023;4:55:27;22375421064;ME2313840871;;0;5;PASS
18/05/2023;4:55:54;22375421066;ME2313840874;;0;4;PASS
18/05/2023;4:56:33;22375420320;ME2313840873;;0;3;PASS
18/05/2023;4:57:06;22375420321;ME2313840887;;0;2;PASS
18/05/2023;4:57:39;22375420323;ME2313840901;;0;1;PASS
18/05/2023;4:58:14;22375420324;ME2313840891;;0;8;PASS
18/05/2023;4:58:49;22375420326;ME2313840889;;0;7;PASS
18/05/2023;4:59:19;22375420328;ME2313840899;;0;6;PASS
18/05/2023;4:59:49;22375420333;ME2313840898;;0;5;PASS
18/05/2023;5:00:16;7,23231E+11;ME2313840866;;-233;4;FAIL
18/05/2023;5:00:46;22375420562;ME2313840831;;0;3;PASS
18/05/2023;5:01:17;22375420564;ME2313840582;;-502;2;FAIL
18/05/2023;5:01:39;7,23231E+11;;;-107;2;FAIL
18/05/2023;5:02:07;22375420565;ME2313840900;;0;1;PASS
18/05/2023;5:02:36;22375420568;ME2313840914;;0;8;PASS
18/05/2023;5:03:06;22375420570;ME2313840915;;0;7;PASS
18/05/2023;5:03:33;22375420575;ME2313840904;;0;6;PASS
18/05/2023;5:04:01;22375420581;ME2313840906;;0;5;PASS
18/05/2023;5:04:29;22375420583;ME2313840866;;0;4;PASS
18/05/2023;5:05:01;22375420332;ME2313840943;;0;3;PASS
18/05/2023;5:05:29;22375420335;ME2313840953;;0;2;PASS
18/05/2023;5:06:01;22375420337;ME2313840986;;0;1;PASS
18/05/2023;5:06:37;22375420339;ME2313840950;;0;8;PASS
18/05/2023;5:07:17;22375420351;ME2313840908;;0;7;PASS
18/05/2023;5:07:46;22375420573;ME2313840952;;0;6;PASS
18/05/2023;5:08:15;22375420576;ME2313840905;;0;5;PASS
18/05/2023;5:08:43;22375420579;ME2313840913;;0;4;PASS
18/05/2023;5:09:13;22375420593;ME2313840916;;0;3;PASS
18/05/2023;5:09:41;22375420342;ME2313840948;;0;2;PASS
18/05/2023;5:10:10;22375420343;ME2313840995;;0;1;PASS
18/05/2023;5:10:43;22375420345;ME2313840945;;0;8;PASS
18/05/2023;5:11:19;22375420347;ME2313840963;;0;7;PASS
18/05/2023;5:11:51;22375420584;ME2313841032;;0;6;PASS
18/05/2023;5:12:19;22375420585;ME2313841002;;0;5;PASS
18/05/2023;5:12:48;22375420588;ME2313841006;;0;4;PASS
18/05/2023;5:13:21;22375421058;ME2313841000;;0;3;PASS
18/05/2023;5:13:49;22375421070;ME2313841001;;0;2;PASS
18/05/2023;5:14:17;22375421073;ME2313840910;;0;1;PASS
18/05/2023;5:14:50;22375421076;ME2313841037;;-502;8;FAIL
18/05/2023;5:15:24;22375421077;ME2313841051;;0;7;PASS
18/05/2023;5:15:53;22375421081;ME2313841041;;0;6;PASS
18/05/2023;5:16:33;;;;-199;6;FAIL
18/05/2023;5:17:08;22375420170;ME2313841040;;0;5;PASS
18/05/2023;5:17:43;22375420172;ME2313841052;;0;4;PASS
18/05/2023;5:18:17;22375420398;ME2313841071;;0;3;PASS
18/05/2023;5:18:46;22375421003;ME2313841072;;0;2;PASS
18/05/2023;5:19:18;22375421007;ME2313840996;;0;1;PASS
18/05/2023;5:19:46;22375421010;ME2313841060;;0;8;PASS
18/05/2023;5:20:16;22375421076;ME2313841037;;0;7;PASS
18/05/2023;5:20:54;22375421082;ME2313841082;;0;6;PASS
18/05/2023;5:21:23;22375421087;ME2313840997;;0;5;PASS
18/05/2023;5:22:01;22375421089;ME2313841055;;0;4;PASS
18/05/2023;5:22:31;22375420173;ME2313841031;;0;3;PASS
18/05/2023;5:23:05;22375420176;ME2313840965;;0;2;PASS
18/05/2023;5:23:32;22375420182;ME2313841083;;0;1;PASS
18/05/2023;5:23:59;22375420185;ME2313841084;;0;8;PASS
18/05/2023;5:24:30;22375420187;ME2313840911;;0;7;PASS
18/05/2023;5:25:05;7,23231E+11;ME2313840733;;-203;6;FAIL
18/05/2023;5:25:44;22375421016;ME2313841079;;0;5;PASS
18/05/2023;5:26:13;22375421019;ME2313841035;;0;4;PASS
18/05/2023;5:26:53;22375421022;ME2313841088;;0;3;PASS
18/05/2023;5:27:30;22375421030;ME2313841087;;0;2;PASS
18/05/2023;5:28:09;22375421033;ME2313841101;;0;1;PASS
18/05/2023;5:28:41;22375420177;ME2313840856;;0;8;PASS
18/05/2023;5:29:10;22375420179;ME2313840554;;0;7;PASS
18/05/2023;5:29:38;22375420193;ME2313840733;;0;6;PASS
18/05/2023;5:30:09;22375420195;ME2313841096;;0;5;PASS
18/05/2023;5:30:37;22375420198;ME2313841117;;0;4;PASS
18/05/2023;5:31:06;22375421026;ME2313841120;;0;3;PASS
18/05/2023;5:31:34;22375421028;ME2313841132;;0;2;PASS
18/05/2023;5:32:05;22375421037;ME2313841099;;0;1;PASS
18/05/2023;5:32:36;22375421040;ME2313841108;;0;8;PASS
18/05/2023;5:33:11;22375421041;ME2313841097;;0;7;PASS
18/05/2023;5:33:51;;;;-199;7;FAIL
18/05/2023;5:34:19;22375421044;ME2313841116;;0;6;PASS
18/05/2023;5:34:50;22375420188;ME2313841122;;0;5;PASS
18/05/2023;5:35:20;7,23231E+11;ME2313841119;;-233;4;FAIL
18/05/2023;5:35:56;22375421039;ME2313841121;;0;3;PASS
18/05/2023;5:36:25;4,23231E+11;ME2313841107;;-208;2;FAIL
18/05/2023;5:36:57;22375421604;ME2313841095;;0;1;PASS
18/05/2023;5:37:46;22375421607;ME2313841131;;0;8;PASS
18/05/2023;5:38:31;22375421609;ME2313841076;;0;7;PASS
18/05/2023;5:39:07;22375421841;ME2313841075;;0;6;PASS
18/05/2023;5:39:36;22375421843;ME2313841178;;0;5;PASS
18/05/2023;5:40:04;22375421846;ME2313841119;;0;4;PASS
18/05/2023;5:40:33;22375421849;ME2313841177;;0;3;PASS
18/05/2023;5:41:06;4,23231E+11;ME2313841107;;-208;2;FAIL
18/05/2023;5:41:32;22375421612;ME2313841183;;0;1;PASS
18/05/2023;5:42:00;22375421614;ME2313841127;;0;8;PASS
18/05/2023;5:42:29;22375421616;ME2313841189;;0;7;PASS
18/05/2023;5:43:07;22375421619;ME2313841220;;0;6;PASS
18/05/2023;5:43:33;22375421621;ME2313841224;;0;5;PASS
18/05/2023;5:44:03;7,23231E+11;ME2313841225;;-233;4;FAIL
18/05/2023;5:44:33;22375421854;ME2313841226;;0;3;PASS
18/05/2023;5:45:06;22375421857;ME2313841188;;0;2;PASS
18/05/2023;5:45:33;22375421860;ME2313841209;;0;1;PASS
18/05/2023;5:46:01;22375421863;ME2313841228;;0;8;PASS
18/05/2023;5:46:30;22375421870;ME2313841172;;0;7;PASS
18/05/2023;5:46:58;22375421622;ME2313841231;;0;6;PASS
18/05/2023;5:47:29;22375421625;ME2313841229;;0;5;PASS
18/05/2023;5:47:58;22375421629;ME2313841230;;0;4;PASS
18/05/2023;5:48:27;22375421865;ME2313841225;;0;3;PASS
18/05/2023;5:48:55;22375421868;ME2313841227;;0;2;PASS
18/05/2023;5:49:24;22375422059;ME2313841152;;0;1;PASS
18/05/2023;5:49:52;22375422061;ME2313841219;;0;8;PASS
18/05/2023;5:50:21;22375422063;ME2313841202;;0;7;PASS
18/05/2023;5:50:50;22375422064;ME2313841186;;0;6;PASS
18/05/2023;5:51:19;22375422067;ME2313841187;;0;5;PASS
18/05/2023;5:51:48;7,23231E+11;ME2313841144;;-233;4;FAIL
18/05/2023;5:52:09;4,23231E+11;;;-107;4;FAIL
18/05/2023;5:52:42;22375422071;ME2313841181;;0;3;PASS
18/05/2023;5:53:11;22375422075;ME2313841252;;0;2;PASS
18/05/2023;5:53:39;22375422072;ME2313841180;;0;1;PASS
18/05/2023;5:54:12;22375422078;ME2313841279;;0;8;PASS
18/05/2023;5:54:42;22375422081;ME2313841261;;0;7;PASS
18/05/2023;5:55:11;22375422084;ME2313841270;;0;6;PASS
18/05/2023;5:55:39;22375422087;ME2313841280;;0;5;PASS
18/05/2023;5:56:08;7,23231E+11;ME2313841144;;-233;4;FAIL
18/05/2023;5:56:38;22375422090;ME2313841263;;0;3;PASS
18/05/2023;5:57:06;22375422093;ME2313841268;;0;2;PASS
18/05/2023;5:57:34;22375422097;ME2313841278;;0;1;PASS
18/05/2023;5:58:03;22375422094;ME2313841297;;0;8;PASS
18/05/2023;5:58:37;22375421321;ME2313841289;;0;7;PASS
18/05/2023;5:59:07;22375421324;ME2313841301;;0;6;PASS
18/05/2023;5:59:36;22375421331;ME2313841269;;0;5;PASS
18/05/2023;6:00:04;7,23231E+11;ME2313841144;;-310;4;FAIL
18/05/2023;6:00:35;22375421565;ME2313841300;;0;3;PASS
18/05/2023;6:01:34;22375421571;ME2313841302;;0;2;PASS
18/05/2023;6:02:03;22375422098;ME2313841222;;0;1;PASS
18/05/2023;6:02:24;7,23231E+11;;;-107;1;FAIL
18/05/2023;6:03:04;22375421326;ME2313841309;;0;8;PASS
18/05/2023;6:03:32;22375421328;ME2313841330;;0;7;PASS
18/05/2023;6:04:01;22375421335;ME2313841336;;0;6;PASS
18/05/2023;6:04:29;22375421342;ME2313841335;;0;5;PASS
18/05/2023;6:04:58;22375421574;ME2313841339;;0;4;PASS
18/05/2023;6:05:27;22375421577;ME2313841343;;0;3;PASS
18/05/2023;6:05:56;22375421582;ME2313841303;;0;2;PASS
18/05/2023;6:06:25;22375421584;ME2313841305;;0;1;PASS
18/05/2023;6:06:53;22375421627;ME2313841291;;0;8;PASS
18/05/2023;6:07:22;22375421632;ME2313841214;;0;7;PASS
18/05/2023;6:07:51;22375421635;ME2313841342;;0;6;PASS
18/05/2023;6:08:20;22375421636;ME2313841296;;0;5;PASS
18/05/2023;6:08:49;7,23231E+11;ME2313841290;;-233;4;FAIL
18/05/2023;6:09:19;22375421871;ME2313841287;;0;3;PASS
18/05/2023;6:09:47;22375421873;ME2313841274;;0;2;PASS
18/05/2023;6:10:15;22375421875;ME2313841281;;0;1;PASS
18/05/2023;6:10:44;22375421878;ME2313841221;;0;8;PASS
18/05/2023;6:11:13;22375421881;ME2313841098;;0;7;PASS
18/05/2023;6:11:41;22375421801;ME2313841365;;0;6;PASS
18/05/2023;6:12:10;22375421803;ME2313841374;;0;5;PASS
18/05/2023;6:12:39;22375421805;ME2313841290;;0;4;PASS
18/05/2023;6:13:08;22375421807;ME2313841367;;0;3;PASS
18/05/2023;6:13:38;22375421809;ME2313841358;;0;2;PASS
18/05/2023;6:14:07;22375421811;ME2313841378;;0;1;PASS
18/05/2023;6:14:36;22375421810;ME2313841359;;0;8;PASS
18/05/2023;6:15:06;22375421814;ME2313841266;;0;7;PASS
18/05/2023;6:15:38;22375421816;ME2313841387;;0;6;PASS
18/05/2023;6:16:08;22375421817;ME2313841385;;0;5;PASS
18/05/2023;6:16:37;7,23231E+11;ME2313841383;;-233;4;FAIL
18/05/2023;6:17:07;22375421820;ME2313841386;;0;3;PASS
18/05/2023;6:17:35;22375421822;ME2313841354;;0;2;PASS
18/05/2023;6:18:04;22375421823;ME2313841357;;0;1;PASS
18/05/2023;6:18:34;22375421826;ME2313841388;;0;8;PASS
18/05/2023;6:19:03;22375421829;ME2313841285;;0;7;PASS
18/05/2023;6:19:36;22375421831;ME2313841398;;0;6;PASS
18/05/2023;6:20:13;22375421833;ME2313841416;;0;5;PASS
18/05/2023;6:20:44;7,23231E+11;ME2313841362;;-233;4;FAIL
18/05/2023;6:21:14;22375421333;ME2313841366;;0;3;PASS
18/05/2023;6:21:44;22375421337;ME2313841399;;0;2;PASS
18/05/2023;6:22:13;22375421339;ME2313841383;;0;1;PASS
18/05/2023;6:22:41;22375421578;ME2313841401;;0;8;PASS
18/05/2023;6:23:10;22375421590;ME2313841423;;0;7;PASS
18/05/2023;6:23:52;22375421594;ME2313841420;;0;6;PASS
18/05/2023;6:24:25;22375421836;ME2313841422;;0;5;PASS
18/05/2023;6:24:57;22375421345;ME2313841362;;-502;4;FAIL
18/05/2023;6:25:29;22375421350;ME2313841417;;0;3;PASS
18/05/2023;6:25:58;22375421587;ME2313841340;;0;2;PASS
18/05/2023;6:26:31;22375421595;ME2313841449;;0;1;PASS
18/05/2023;6:27:03;22375421344;ME2313841450;;0;8;PASS
18/05/2023;6:27:33;22375421586;ME2313841428;;0;7;PASS
18/05/2023;6:28:02;22375421347;ME2313841452;;0;6;PASS
18/05/2023;6:28:30;22375421354;ME2313841445;;0;5;PASS
18/05/2023;6:28:59;22375421356;ME2313841437;;0;4;PASS
18/05/2023;6:29:25;7,23231E+11;;;-107;4;FAIL
18/05/2023;6:30:19;;;;-199;4;FAIL
18/05/2023;6:30:45;22375421361;ME2313841462;;0;3;PASS
18/05/2023;6:31:16;22375421364;ME2313841440;;0;2;PASS
18/05/2023;6:31:45;22375421596;ME2313841441;;0;1;PASS
18/05/2023;6:32:14;22375421599;ME2313841436;;0;8;PASS
18/05/2023;6:32:42;22375421523;ME2313841427;;0;7;PASS
18/05/2023;6:33:19;22375421526;ME2313841434;;0;6;PASS
18/05/2023;6:33:47;22375421345;ME2313841362;;0;5;PASS
18/05/2023;6:34:16;4,23231E+11;ME2313841493;;-233;4;FAIL
18/05/2023;6:34:46;22375421767;ME2313841487;;0;3;PASS
18/05/2023;6:35:20;22375421771;ME2313841470;;0;2;PASS
18/05/2023;6:35:48;22375421528;ME2313841482;;-502;1;FAIL
18/05/2023;6:36:18;22375421529;ME2313841483;;0;8;PASS
18/05/2023;6:36:47;22375421532;ME2313841496;;0;7;PASS
18/05/2023;6:37:31;22375421765;ME2313841475;;0;6;PASS
18/05/2023;6:38:04;22375421772;ME2313841474;;0;5;PASS
18/05/2023;6:38:31;7,23231E+11;ME2313841501;;-233;4;FAIL
18/05/2023;6:39:13;;;;-199;4;FAIL
18/05/2023;6:39:47;22375421774;ME2313841527;;0;3;PASS
18/05/2023;6:40:15;22375421781;ME2313841535;;0;2;PASS
18/05/2023;6:40:44;22375421302;ME2313841504;;0;1;PASS
18/05/2023;6:41:12;22375421536;ME2313841526;;0;8;PASS
18/05/2023;6:41:42;22375421528;ME2313841482;;0;7;PASS
18/05/2023;6:42:10;22375421544;ME2313841493;;0;6;PASS
18/05/2023;6:42:47;22375421551;ME2313841477;;0;5;PASS
18/05/2023;6:43:18;22375421777;ME2313841515;;0;4;PASS
18/05/2023;6:43:47;22375421779;ME2313841514;;0;3;PASS
18/05/2023;6:44:23;22375421790;ME2313841513;;0;2;PASS
18/05/2023;6:44:51;22375421791;ME2313841519;;0;1;PASS
18/05/2023;6:45:22;22375421169;ME2313841402;;0;8;PASS
18/05/2023;6:45:52;22375421172;ME2313841476;;0;7;PASS
18/05/2023;6:46:19;22375421175;ME2313841472;;0;6;PASS
18/05/2023;6:46:48;22375421180;ME2313841403;;0;5;PASS
18/05/2023;6:47:19;7,23231E+11;ME2313841540;;-233;4;FAIL
18/05/2023;6:47:49;22375422014;ME2313841544;;0;3;PASS
18/05/2023;6:48:18;22375422017;ME2313841543;;0;2;PASS
18/05/2023;6:48:49;22375422019;ME2313841547;;0;1;PASS
18/05/2023;6:49:25;22375422022;ME2313841559;;0;8;PASS
18/05/2023;6:49:52;22375422023;ME2313841438;;0;7;PASS
18/05/2023;6:50:21;22375421178;ME2313841548;;0;6;PASS
18/05/2023;6:50:50;22375421181;ME2313841551;;0;5;PASS
18/05/2023;6:51:26;22375421184;ME2313841540;;0;4;PASS
18/05/2023;6:51:59;22375421187;ME2313841569;;0;3;PASS
18/05/2023;6:52:41;22375422025;ME2313841568;;0;2;PASS
18/05/2023;6:53:19;22375422028;ME2313841510;;0;1;PASS
18/05/2023;6:53:47;22375422031;ME2313841439;;-502;8;FAIL
18/05/2023;6:54:17;22375422032;ME2313841572;;0;7;PASS
18/05/2023;6:54:47;22375421191;ME2313841580;;0;6;PASS
18/05/2023;6:55:16;22375421193;ME2313841552;;-502;5;FAIL
18/05/2023;6:55:48;22375421195;ME2313841576;;0;4;PASS
18/05/2023;6:56:21;22375421305;ME2313841479;;0;3;PASS
18/05/2023;6:57:07;22375421541;ME2313841581;;0;2;PASS
18/05/2023;6:57:33;22375421547;ME2313841503;;0;1;PASS
18/05/2023;6:58:01;22375421548;ME2313841537;;0;8;PASS
18/05/2023;6:58:32;22375422031;ME2313841439;;0;7;PASS
18/05/2023;6:59:06;22375421787;ME2313841458;;0;6;PASS
18/05/2023;6:59:44;22375422040;ME2313841598;;0;5;PASS
18/05/2023;7:00:13;22375422042;ME2313841457;;0;4;PASS
18/05/2023;7:00:43;22375421304;ME2313841552;;-502;3;FAIL
18/05/2023;7:01:13;22375421304;ME2313841498;;0;2;PASS
18/05/2023;7:01:42;22375421308;ME2313841501;;0;1;PASS
18/05/2023;7:02:11;22375421310;ME2313841353;;0;8;PASS
18/05/2023;7:02:41;22375421312;ME2313841520;;0;7;PASS
18/05/2023;7:03:09;22375421320;ME2313841597;;0;6;PASS
18/05/2023;7:03:37;22375421546;ME2313841517;;0;5;PASS
18/05/2023;7:04:08;22375421552;ME2313841585;;0;4;PASS
18/05/2023;7:04:54;;;;-199;4;FAIL
18/05/2023;7:05:22;22375421554;ME2313841589;;0;3;PASS
18/05/2023;7:05:51;22375421193;ME2313841552;;0;2;PASS
18/05/2023;7:07:38;22375421560;ME2313841603;;0;1;PASS
18/05/2023;7:08:05;22375421562;ME2313841592;;0;8;PASS
18/05/2023;7:08:33;22375421796;ME2313841516;;0;7;PASS
18/05/2023;7:09:17;22375421198;ME2313841608;;0;6;PASS
18/05/2023;7:09:45;22375421318;ME2313841604;;0;5;PASS
18/05/2023;7:10:14;7,23231E+11;ME2313841599;;-210;4;FAIL
18/05/2023;7:10:44;22375421556;ME2313841584;;0;3;PASS
18/05/2023;7:11:12;22375421558;ME2313841594;;0;2;PASS
18/05/2023;7:11:43;22375421720;ME2313841607;;0;1;PASS
18/05/2023;7:12:13;22375421724;ME2313841602;;0;8;PASS
18/05/2023;7:12:41;22375421798;ME2313841671;;0;7;PASS
18/05/2023;7:13:19;22375421909;ME2313841682;;0;6;PASS
18/05/2023;7:13:47;22375421962;ME2313841612;;0;5;PASS
18/05/2023;7:14:16;22375421189;ME2313841621;;0;4;PASS
18/05/2023;7:14:44;7,23231E+11;ME2313841599;;-201;3;FAIL
18/05/2023;7:15:17;22375421199;ME2313841629;;0;2;PASS
18/05/2023;7:15:46;22375421901;ME2313841622;;0;1;PASS
18/05/2023;7:16:15;22375421904;ME2313841619;;0;8;PASS
18/05/2023;7:16:44;22375421907;ME2313841433;;0;7;PASS
18/05/2023;7:17:13;22375421908;ME2313841575;;0;6;PASS
18/05/2023;7:17:42;22375422038;ME2313841630;;0;5;PASS
18/05/2023;7:18:15;22375422044;ME2313841643;;0;4;PASS
18/05/2023;7:18:44;22375421370;ME2313841623;;0;3;PASS
18/05/2023;7:19:26;22375421910;ME2313841661;;0;2;PASS
18/05/2023;7:19:54;22375421913;ME2313841617;;0;1;PASS
18/05/2023;7:20:26;22375421916;ME2313841599;;0;8;PASS
18/05/2023;7:21:06;22375421918;ME2313841492;;0;7;PASS
18/05/2023;7:21:38;4,23231E+11;ME2313841668;;-203;6;FAIL
18/05/2023;7:22:11;22375422048;ME2313841670;;0;5;PASS
18/05/2023;7:22:54;4,23231E+11;ME2313841705;;-233;4;FAIL
18/05/2023;7:23:24;22375422052;ME2313841673;;0;3;PASS
18/05/2023;7:23:52;4,23231E+11;ME2313841616;;-217;2;FAIL
18/05/2023;7:24:22;22375422057;ME2313841713;;0;1;PASS
18/05/2023;7:24:55;22375421367;ME2313841583;;0;8;PASS
18/05/2023;7:25:27;22375421372;ME2313841586;;0;7;PASS
18/05/2023;7:25:55;22375421374;ME2313841668;;0;6;PASS
18/05/2023;7:26:23;22375421376;ME2313841711;;0;5;PASS
18/05/2023;7:26:53;4,23231E+11;ME2313841705;;-233;4;FAIL
18/05/2023;7:27:24;22375421380;ME2313841717;;0;3;PASS
18/05/2023;7:27:52;22375421382;ME2313841708;;0;2;PASS
18/05/2023;7:28:27;22375421385;ME2313841734;;0;1;PASS
18/05/2023;7:28:56;22375421390;ME2313841635;;0;8;PASS
18/05/2023;7:29:26;22375421393;ME2313841729;;0;7;PASS
18/05/2023;7:29:55;22375421388;ME2313841660;;0;6;PASS
18/05/2023;7:30:26;22375421394;ME2313841614;;0;5;PASS
18/05/2023;7:30:58;22375421397;ME2313841705;;0;4;PASS
18/05/2023;7:31:26;22375422000;ME2313841730;;0;3;PASS
18/05/2023;7:31:55;22375422001;ME2313841743;;0;2;PASS
18/05/2023;7:32:28;22375422005;ME2313841731;;0;1;PASS
18/05/2023;7:32:56;22375422011;ME2313841741;;0;8;PASS
18/05/2023;7:33:25;22375422013;ME2313841616;;0;7;PASS
18/05/2023;7:33:59;22375421721;ME2313841723;;0;6;PASS
18/05/2023;7:34:28;22375421726;ME2313841736;;0;5;PASS
18/05/2023;7:37:08;7,23231E+11;ME2313841590;;-233;4;FAIL
18/05/2023;7:37:38;22375421730;ME2313841667;;0;3;PASS
18/05/2023;7:38:06;22375421967;ME2313841739;;0;2;PASS
18/05/2023;7:38:40;22375421969;ME2313841601;;0;1;PASS
18/05/2023;7:39:22;22375422008;ME2313841591;;0;8;PASS
18/05/2023;7:39:56;22375421731;ME2313841636;;0;7;PASS
18/05/2023;7:40:25;22375421733;ME2313841759;;0;6;PASS
18/05/2023;7:41:06;22375421736;ME2313841649;;0;5;PASS
18/05/2023;7:41:33;22375421738;ME2313841763;;0;4;PASS
18/05/2023;7:42:01;22375421970;ME2313841766;;0;3;PASS
18/05/2023;7:42:30;22375421973;ME2313841631;;0;2;PASS
18/05/2023;7:43:07;22375421975;ME2313841677;;0;1;PASS
18/05/2023;7:43:32;22375421978;ME2313841762;;0;8;PASS
18/05/2023;7:44:01;22375421983;ME2313841675;;0;7;PASS
18/05/2023;7:44:30;22375421991;ME2313841800;;0;6;PASS
18/05/2023;7:44:58;22375421503;ME2313841777;;0;5;PASS
18/05/2023;7:45:28;22375421505;ME2313841805;;0;4;PASS
18/05/2023;7:45:57;22375421507;ME2313841808;;0;3;PASS
18/05/2023;7:46:29;22375421742;ME2313841794;;0;2;PASS
18/05/2023;7:46:57;22375421743;ME2313741225;;0;1;PASS
18/05/2023;7:47:28;22375421746;ME2313741242;;0;8;PASS
18/05/2023;7:47:56;22375421981;ME2313741220;;0;7;PASS
18/05/2023;7:48:25;22375421984;ME2313741435;;0;6;PASS
18/05/2023;7:48:54;22375421986;ME2313741223;;0;5;PASS
18/05/2023;7:49:22;22375421988;ME2313741218;;0;4;PASS
18/05/2023;7:49:51;22375421510;ME2313741214;;0;3;PASS
18/05/2023;7:50:20;22375421513;ME2313741425;;0;2;PASS
18/05/2023;7:50:49;22375421514;ME2313841511;;0;1;PASS
18/05/2023;7:51:22;22375421748;ME2313841807;;0;8;PASS
18/05/2023;7:51:51;22375421751;ME2313841776;;0;7;PASS
18/05/2023;7:52:19;22375421753;ME2313841806;;0;6;PASS
18/05/2023;7:52:48;22375421754;ME2313841773;;0;5;PASS
18/05/2023;7:53:17;22375421757;ME2313841809;;0;4;PASS
18/05/2023;7:53:46;22375421993;ME2313841788;;0;3;PASS
18/05/2023;7:54:15;22375421996;ME2313841816;;0;2;PASS
18/05/2023;7:54:44;22375421999;ME2313841786;;0;1;PASS
18/05/2023;7:55:12;22375421210;ME2313841746;;0;8;PASS
18/05/2023;7:55:43;22375421516;ME2313841648;;0;7;PASS
18/05/2023;7:56:10;22375421518;ME2313841710;;0;6;PASS
18/05/2023;7:56:39;22375421690;ME2313841785;;0;5;PASS
18/05/2023;7:57:10;22375421694;ME2313841826;;-502;4;FAIL
18/05/2023;7:57:39;22375421758;ME2313841827;;0;3;PASS
18/05/2023;7:58:09;22375421921;ME2313841653;;0;2;PASS
18/05/2023;7:58:36;22375421923;ME2313841694;;0;1;PASS
18/05/2023;7:59:08;22375421925;ME2313841684;;0;8;PASS
18/05/2023;7:59:36;22375421200;ME2313841652;;0;7;PASS
18/05/2023;8:00:05;22375421203;ME2313841795;;0;6;PASS
18/05/2023;8:00:36;22375421206;ME2313841839;;0;5;PASS
18/05/2023;8:01:07;22375421207;ME2313841868;;0;4;PASS
18/05/2023;8:01:37;22375421443;ME2313841865;;0;3;PASS
18/05/2023;8:02:05;22375421445;ME2313841657;;0;2;PASS
18/05/2023;8:02:34;22375421448;ME2313841802;;0;1;PASS
18/05/2023;8:03:08;22375421450;ME2313841688;;0;8;PASS
18/05/2023;8:03:35;22375421685;ME2313841627;;0;7;PASS
18/05/2023;8:05:16;22375421687;ME2313841593;;0;6;PASS
18/05/2023;8:05:45;22375421208;ME2313841658;;0;5;PASS
18/05/2023;8:06:13;22375421213;ME2313841866;;0;4;PASS
18/05/2023;8:06:42;22375421220;ME2313841867;;0;3;PASS
18/05/2023;8:07:11;22375421456;ME2313841860;;0;2;PASS
18/05/2023;8:07:40;7,4623E+11;ME2313841783;;-210;1;FAIL
18/05/2023;8:08:10;22375421463;ME2313841874;;0;8;PASS
18/05/2023;8:08:38;22375421697;ME2313841875;;0;7;PASS
18/05/2023;8:09:07;22375421927;ME2313841883;;0;6;PASS
18/05/2023;8:09:35;22375421932;ME2313841891;;0;5;PASS
18/05/2023;8:10:04;22375421701;ME2313841886;;0;4;PASS
18/05/2023;8:10:33;22375421705;ME2313841873;;0;3;PASS
18/05/2023;8:11:04;22375421931;ME2313841885;;0;2;PASS
18/05/2023;8:11:36;22375421934;ME2313841887;;0;1;PASS
18/05/2023;8:12:08;22375421936;ME2313841828;;0;8;PASS
18/05/2023;8:12:36;22375421937;ME2313841872;;0;7;PASS
18/05/2023;8:13:08;22375421939;ME2313841799;;0;6;PASS
18/05/2023;8:13:45;22375421941;ME2313841654;;0;5;PASS
18/05/2023;8:14:28;22375421943;ME2313841644;;0;4;PASS
18/05/2023;8:14:56;22375421703;ME2313841892;;0;3;PASS
18/05/2023;8:15:24;22375421704;ME2313841832;;0;2;PASS
;8:15:53;22375421707;ME2313841850;;0;1;PASS
18/05/2023;8:16:21;22375421709;ME2313841893;;0;8;PASS
18/05/2023;8:16:50;22375421712;ME2313841894;;0;7;PASS
18/05/2023;8:17:20;22375421945;ME2313841862;;0;6;PASS
18/05/2023;8:17:48;22375421947;ME2313841895;;0;5;PASS
18/05/2023;8:18:16;22375421948;ME2313841907;;0;4;PASS
18/05/2023;8:18:45;22375421950;ME2313841901;;0;3;PASS
18/05/2023;8:19:20;22375421954;ME2313841902;;0;2;PASS
18/05/2023;8:19:49;22375421211;ME2313841801;;0;1;PASS
18/05/2023;8:20:17;22375421212;ME2313841906;;0;8;PASS
18/05/2023;8:20:46;22375421216;ME2313841830;;0;7;PASS
18/05/2023;8:21:18;22375421218;ME2313841909;;0;6;PASS
18/05/2023;8:21:55;22375421457;ME2313841908;;0;5;PASS
18/05/2023;8:22:20;22375421459;ME2313841927;;0;4;PASS
18/05/2023;8:22:49;22375421699;ME2313841921;;0;3;PASS
18/05/2023;8:23:20;22375421715;ME2313841931;;0;2;PASS
18/05/2023;8:23:47;22375421717;ME2313841890;;0;1;PASS
18/05/2023;8:24:17;22375421719;ME2313841933;;0;8;PASS
18/05/2023;8:24:45;22375421952;ME2313841869;;0;7;PASS
18/05/2023;8:25:19;22375421956;ME2313841923;;0;6;PASS
18/05/2023;8:25:47;22375421959;ME2313841595;;0;5;PASS
18/05/2023;8:26:16;22375421222;ME2313841889;;-502;4;FAIL
18/05/2023;8:26:45;22375421223;ME2313841935;;0;3;PASS
18/05/2023;8:27:20;22375421226;ME2313841934;;0;2;PASS
18/05/2023;8:27:45;22375421689;ME2313841822;;-802;1;FAIL
18/05/2023;8:28:15;22375421231;ME2313841880;;0;8;PASS
18/05/2023;8:28:44;7,23231E+11;ME2313841913;;-301;7;FAIL
18/05/2023;8:29:20;22375421464;ME2313841912;;0;6;PASS
18/05/2023;8:29:49;22375421467;ME2313841896;;0;5;PASS
18/05/2023;8:30:18;22375421471;ME2313841897;;0;4;PASS
18/05/2023;8:30:47;22375421473;ME2313841943;;0;3;PASS
18/05/2023;8:31:29;22375421227;ME2313841942;;0;2;PASS
18/05/2023;8:31:59;22375421236;ME2313841941;;0;1;PASS
18/05/2023;8:32:29;22375421241;ME2313841833;;0;8;PASS
18/05/2023;8:33:05;22375421243;ME2313841940;;0;7;PASS
18/05/2023;8:33:31;22375421475;ME2313841955;;0;6;PASS
18/05/2023;8:34:01;22375421477;ME2313841966;;0;5;PASS
18/05/2023;8:34:29;22375421481;ME2313841882;;0;4;PASS
18/05/2023;8:34:57;22375421484;ME2313841963;;0;3;PASS
18/05/2023;8:35:27;22375421237;ME2313841950;;0;2;PASS
18/05/2023;8:35:59;22375421239;ME2313841977;;-502;1;FAIL
18/05/2023;8:36:30;22375421400;ME2313841979;;0;8;PASS
18/05/2023;8:37:03;22375421476;ME2313841951;;0;7;PASS
18/05/2023;8:37:29;22375421640;ME2313841645;;0;6;PASS
18/05/2023;8:37:58;22375421643;ME2313841980;;0;5;PASS
18/05/2023;8:38:37;22375421882;ME2313841937;;0;4;PASS
18/05/2023;8:39:06;22375421885;ME2313841936;;0;3;PASS
18/05/2023;8:39:35;22375421891;ME2313841968;;0;2;PASS
18/05/2023;8:40:02;22375421402;ME2313841913;;0;1;PASS
18/05/2023;8:40:30;22375421407;ME2313841939;;-502;8;FAIL
18/05/2023;8:41:08;22375421408;ME2313841796;;0;7;PASS
18/05/2023;8:41:35;22375421644;ME2313841706;;0;6;PASS
18/05/2023;8:42:04;22375421646;ME2313841989;;0;5;PASS
18/05/2023;8:42:35;22375421647;ME2313841938;;0;4;PASS
18/05/2023;8:43:08;22375421649;ME2313841994;;0;3;PASS
18/05/2023;8:43:35;22375421887;ME2313842017;;0;2;PASS
18/05/2023;8:44:03;22375421889;ME2313842031;;0;1;PASS
18/05/2023;8:44:37;22375421293;ME2313842034;;0;8;PASS
18/05/2023;8:45:10;22375421411;ME2313842032;;0;7;PASS
18/05/2023;8:45:36;22375421651;ME2313842018;;0;6;PASS
18/05/2023;8:46:04;22375421654;ME2313841983;;0;5;PASS
18/05/2023;8:46:33;22375421893;ME2313842049;;0;4;PASS
18/05/2023;8:47:07;22375421896;ME2313842050;;0;3;PASS
18/05/2023;8:47:36;22375421291;ME2313842051;;0;2;PASS
18/05/2023;8:48:07;22375421292;ME2313842058;;0;1;PASS
18/05/2023;8:48:36;22375421295;ME2313841990;;0;8;PASS
18/05/2023;8:49:06;22375421298;ME2313842069;;0;7;PASS
18/05/2023;8:49:43;22375422136;ME2313842089;;0;6;PASS
18/05/2023;8:50:11;22375422138;ME2313842090;;0;5;PASS
18/05/2023;8:50:46;22375422142;ME2313841947;;0;4;PASS
18/05/2023;8:51:19;22375422144;ME2313842071;;0;3;PASS
18/05/2023;8:51:47;22375422148;ME2313842072;;0;2;PASS
18/05/2023;8:52:16;22375422150;ME2313842062;;0;1;PASS
18/05/2023;8:52:45;22375422153;ME2313842105;;0;8;PASS
18/05/2023;8:53:20;22375422155;ME2313842063;;0;7;PASS
18/05/2023;8:53:48;22375421410;ME2313842123;;0;6;PASS
18/05/2023;8:54:16;22375421416;ME2313842121;;0;5;PASS
18/05/2023;8:54:45;22375421899;ME2313842115;;0;4;PASS
18/05/2023;8:55:39;22375422161;ME2313842057;;0;3;PASS
18/05/2023;8:56:08;22375422163;ME2313842124;;0;2;PASS
18/05/2023;8:56:44;22375422167;ME2313842116;;0;1;PASS
18/05/2023;8:57:13;22375421658;ME2313842120;;0;8;PASS
18/05/2023;8:57:42;22375421417;ME2313842112;;0;7;PASS
18/05/2023;8:58:11;22375421419;ME2313842111;;0;6;PASS
18/05/2023;8:58:38;22375421422;ME2313842127;;0;5;PASS
18/05/2023;8:59:07;22375421430;ME2313842110;;0;4;PASS
18/05/2023;8:59:36;22375421662;ME2313842113;;0;3;PASS
18/05/2023;9:00:05;22375421664;ME2313842109;;-502;2;FAIL
18/05/2023;9:00:35;22375421670;ME2313842103;;0;1;PASS
18/05/2023;9:01:08;22375421672;ME2313841984;;0;8;PASS
18/05/2023;9:01:45;22375421424;ME2313842126;;0;7;PASS
18/05/2023;9:02:15;22375421427;ME2313842068;;0;6;PASS
18/05/2023;9:02:44;22375421440;ME2313842108;;0;5;PASS
18/05/2023;9:03:13;22375421441;ME2313841876;;0;4;PASS
18/05/2023;9:03:41;22375421669;ME2313842067;;-502;3;FAIL
18/05/2023;9:04:13;22375421682;ME2313842052;;0;2;PASS
18/05/2023;9:04:40;22375421431;ME2313842047;;0;1;PASS
18/05/2023;9:05:11;22375421434;ME2313842080;;0;8;PASS
18/05/2023;9:05:38;22375421437;ME2313842106;;0;7;PASS
18/05/2023;9:06:08;22375421439;ME2313842164;;0;6;PASS
18/05/2023;9:06:35;22375421673;ME2313842157;;0;5;PASS
18/05/2023;9:07:05;22375421676;ME2313842167;;0;4;PASS
18/05/2023;9:07:34;22375421678;ME2313842130;;0;3;PASS
18/05/2023;9:08:04;22375421679;ME2313842161;;0;2;PASS
18/05/2023;9:08:33;22375421250;ME2313842145;;0;1;PASS
18/05/2023;9:09:09;22375421253;ME2313842023;;0;8;PASS
18/05/2023;9:09:36;22375421490;ME2313842142;;0;7;PASS
18/05/2023;9:10:04;22375421492;ME2313842147;;0;6;PASS
18/05/2023;9:10:32;22375421496;ME2313842149;;0;5;PASS
18/05/2023;9:11:07;22375422101;ME2313842153;;0;4;PASS
18/05/2023;9:11:33;22375422158;ME2313842159;;0;3;PASS
18/05/2023;9:12:02;22375422164;ME2313842156;;0;2;PASS
18/05/2023;9:12:30;22375421669;ME2313842067;;0;1;PASS
18/05/2023;9:13:06;22375421244;ME2313842152;;0;8;PASS
18/05/2023;9:13:32;22375421246;ME2313842168;;0;7;PASS
18/05/2023;9:15:13;22375421249;ME2313841914;;0;6;PASS
18/05/2023;9:15:41;22375421261;ME2313842175;;0;5;PASS
18/05/2023;9:16:10;22375421262;ME2313842165;;0;4;PASS
18/05/2023;9:16:39;22375421264;ME2313842139;;0;3;PASS
18/05/2023;9:17:09;22375421494;ME2313842033;;0;2;PASS
18/05/2023;9:17:39;4,23231E+11;ME2313842182;;-210;1;FAIL
18/05/2023;9:18:09;22375421255;ME2313842194;;0;8;PASS
18/05/2023;9:18:38;22375421258;ME2313842181;;0;7;PASS
18/05/2023;9:19:07;22375421271;ME2313842189;;0;6;PASS
18/05/2023;9:19:36;22375421497;ME2313842190;;0;5;PASS
18/05/2023;9:20:13;22375421499;ME2313842200;;0;4;PASS
18/05/2023;9:20:41;22375422103;ME2313842144;;0;3;PASS
18/05/2023;9:21:10;22375422106;ME2313842188;;0;2;PASS
18/05/2023;9:21:38;22375422109;ME2313842192;;0;1;PASS
18/05/2023;9:22:06;22375421266;ME2313842191;;0;8;PASS
18/05/2023;9:22:35;22375421268;ME2313842211;;0;7;PASS
18/05/2023;9:23:07;22375421274;ME2313842221;;0;6;PASS
18/05/2023;9:23:35;22375422114;ME2313842180;;0;5;PASS
18/05/2023;9:24:05;22375422115;ME2313842216;;0;4;PASS
18/05/2023;9:24:33;22375422118;ME2313842205;;0;3;PASS
18/05/2023;9:25:04;22375422121;ME2313842129;;0;2;PASS
18/05/2023;9:25:30;22375421277;ME2313842131;;0;1;PASS
18/05/2023;9:25:59;22375422156;ME2313842098;;0;8;PASS
18/05/2023;9:26:28;22375421280;ME2313841988;;0;7;PASS
18/05/2023;9:26:57;22375421283;ME2313842260;;0;6;PASS
18/05/2023;9:27:31;22375421285;ME2313842237;;0;5;PASS
18/05/2023;9:27:59;22375421286;ME2313842241;;0;4;PASS
18/05/2023;9:28:36;22375422126;ME2313842102;;0;3;PASS
18/05/2023;9:29:07;22375422131;ME2313842264;;0;2;PASS
18/05/2023;9:29:33;22375422133;ME2313842240;;0;1;PASS
18/05/2023;9:30:02;22375422124;ME2313842210;;0;8;PASS
18/05/2023;9:30:29;22375422930;ME2313842239;;0;7;PASS
18/05/2023;9:30:58;22375422933;ME2313842242;;0;6;PASS
18/05/2023;9:31:27;22375422938;ME2313842243;;0;5;PASS
18/05/2023;9:32:11;22375422700;ME2313842248;;0;4;PASS
18/05/2023;9:32:40;22375422702;ME2313842257;;0;3;PASS
18/05/2023;9:33:08;22375422704;ME2313842244;;0;2;PASS
18/05/2023;9:33:37;22375422706;ME2313842274;;0;1;PASS
18/05/2023;9:34:05;22375422939;ME2313842297;;0;8;PASS
18/05/2023;9:34:34;22375422941;ME2313842289;;0;7;PASS
18/05/2023;9:35:04;22375422943;ME2313842293;;0;6;PASS
18/05/2023;9:35:31;22375422946;ME2313842288;;0;5;PASS
18/05/2023;9:36:00;22375422948;ME2313842305;;0;4;PASS
18/05/2023;9:36:31;22375422708;ME2313842306;;0;3;PASS
18/05/2023;9:37:10;22375422711;ME2313842214;;0;2;PASS
18/05/2023;9:37:37;22375422714;ME2313842309;;0;1;PASS
18/05/2023;9:38:04;22375422716;ME2313842310;;0;8;PASS
18/05/2023;9:38:34;22375422718;ME2313842286;;0;7;PASS
18/05/2023;9:39:07;22375422720;ME2313842166;;0;6;PASS
18/05/2023;9:39:42;22375422951;ME2313842304;;0;5;PASS
18/05/2023;9:40:10;4,23231E+11;ME2313842302;;-233;4;FAIL
18/05/2023;9:40:50;22375422956;ME2313842255;;0;3;PASS
18/05/2023;9:41:20;22375422957;ME2313842215;;0;2;PASS
18/05/2023;9:41:48;22375422959;ME2313842320;;0;1;PASS
18/05/2023;9:42:17;22375422963;ME2313841590;;0;8;PASS
18/05/2023;9:42:46;22375422723;ME2313841737;;0;7;PASS
18/05/2023;9:43:15;4,23231E+11;ME2313842324;;-219;6;FAIL
18/05/2023;9:43:45;22375422727;ME2313841676;;0;5;PASS
18/05/2023;9:44:13;4,23231E+11;ME2313842323;;-233;4;FAIL
18/05/2023;9:44:43;22375422960;ME2313842334;;0;3;PASS
18/05/2023;9:45:12;22375422966;ME2313842341;;0;2;PASS
18/05/2023;9:45:41;22375422958;ME2313842225;;0;1;PASS
18/05/2023;9:46:09;22375422969;ME2313842345;;0;8;PASS
18/05/2023;9:47:04;22375423148;ME2313842330;;0;7;PASS
18/05/2023;9:47:41;22375423150;ME2313842338;;0;6;PASS
18/05/2023;9:48:22;;;;-199;6;FAIL
18/05/2023;9:49:06;;;;-199;6;FAIL
18/05/2023;9:49:35;22375423152;ME2313842324;;0;5;PASS
18/05/2023;9:50:03;22375423154;ME2313842300;;-502;4;FAIL
18/05/2023;9:50:33;22375423156;ME2313842228;;0;3;PASS
18/05/2023;9:51:06;22375422413;ME2313842295;;0;2;PASS
18/05/2023;9:51:31;4,23231E+11;ME2313842342;;-233;1;FAIL
18/05/2023;9:52:16;22375422661;ME2313841987;;0;8;PASS
18/05/2023;9:52:44;22375422900;ME2313842329;;0;7;PASS
18/05/2023;9:53:43;22375422902;ME2313842328;;0;5;PASS
18/05/2023;9:54:13;22375422904;ME2313842347;;0;4;PASS
18/05/2023;9:54:40;22375422909;ME2313842348;;0;3;PASS
18/05/2023;9:55:08;22375423158;ME2313842351;;0;2;PASS
18/05/2023;9:55:37;22375423160;ME2313842353;;-502;1;FAIL
18/05/2023;9:56:07;22375423161;ME2313842357;;0;8;PASS
18/05/2023;9:56:36;22375423163;ME2313842263;;0;7;PASS
18/05/2023;9:57:06;22375423165;ME2313842361;;0;6;PASS
18/05/2023;9:57:50;22375423166;ME2313842342;;0;5;PASS
18/05/2023;9:58:20;22375423168;ME2313842360;;0;4;PASS
18/05/2023;9:58:47;22375422411;ME2313842367;;0;3;PASS
